-- Create the new normalized ProductDetail_1NF table
CREATE TABLE ProductDetail_1NF (
    OrderID INT,
    CustomerName VARCHAR(100),
    Product VARCHAR(100)
);

-- Insert normalized data (1 product per row)
INSERT INTO ProductDetail_1NF (OrderID, CustomerName, Product) VALUES (101, 'John Doe', 'Laptop');
INSERT INTO ProductDetail_1NF (OrderID, CustomerName, Product) VALUES (101, 'John Doe', 'Mouse');
INSERT INTO ProductDetail_1NF (OrderID, CustomerName, Product) VALUES (102, 'Jane Smith', 'Tablet');
INSERT INTO ProductDetail_1NF (OrderID, CustomerName, Product) VALUES (102, 'Jane Smith', 'Keyboard');
INSERT INTO ProductDetail_1NF (OrderID, CustomerName, Product) VALUES (102, 'Jane Smith', 'Mouse');
INSERT INTO ProductDetail_1NF (OrderID, CustomerName, Product) VALUES (103, 'Emily Clark', 'Phone');


-- Table for customer info (1 row per order)
CREATE TABLE Orders (
    OrderID INT PRIMARY KEY,
    CustomerName VARCHAR(100)
);

-- Table for order details (can have multiple rows per order)
CREATE TABLE OrderItems (
    OrderID INT,
    Product VARCHAR(100),
    Quantity INT,
    FOREIGN KEY (OrderID) REFERENCES Orders(OrderID)
);

-- Insert into Orders
INSERT INTO Orders (OrderID, CustomerName) VALUES (101, 'John Doe');
INSERT INTO Orders (OrderID, CustomerName) VALUES (102, 'Jane Smith');
INSERT INTO Orders (OrderID, CustomerName) VALUES (103, 'Emily Clark');

-- Insert into OrderItems
INSERT INTO OrderItems (OrderID, Product, Quantity) VALUES (101, 'Laptop', 2);
INSERT INTO OrderItems (OrderID, Product, Quantity) VALUES (101, 'Mouse', 1);
INSERT INTO OrderItems (OrderID, Product, Quantity) VALUES (102, 'Tablet', 3);
INSERT INTO OrderItems (OrderID, Product, Quantity) VALUES (102, 'Keyboard', 1);
INSERT INTO OrderItems (OrderID, Product, Quantity) VALUES (102, 'Mouse', 2);
INSERT INTO OrderItems (OrderID, Product, Quantity) VALUES (103, 'Phone', 1);
